Koinly Date,Pair,Side,Amount,Price,Total,Fee Amount,Fee Currency
2023-11-15 22:34:00,BTC-USDC,Buy,0.0008,37744.0,30.1952,-0.012078,USDC
2023-11-15 22:34:00,BTC-USDC,Buy,0.1992,37744.0,7518.604799999999,-3.007441,USDC
2023-11-15 20:14:00,BTC-USDC,Sell,-0.1,37667.0,-3766.7000000000003,-1.50668,USDC
2023-11-15 19:15:00,BTC-USDC,Sell,-0.1,37403.0,-3740.3,-1.49612,USDC
2023-11-15 18:11:00,BTC-USDC,Buy,0.3,36706.0,11011.8,-4.40472,USDC
2023-11-14 18:48:00,BTC-USDC,Buy,0.05,35750.0,1787.5,-0.715,USDC
2023-11-13 14:31:00,BTC-USDC,Sell,-0.282,36866.0,-10396.212,-4.158484,USDC
2023-11-13 14:31:00,BTC-USDC,Sell,-0.068,36866.0,-2506.8880000000004,-1.002755,USDC
2023-11-13 02:35:00,BTC-USDC,Buy,0.05,37274.0,1863.7,-0.74548,USDC
2023-11-13 02:35:00,BTC-USDC,Buy,0.2464,37281.0,9186.0384,-1.377905,USDC
2023-11-13 02:35:00,BTC-USDC,Buy,0.0536,37281.0,1998.2616,-0.299739,USDC
2023-11-13 01:35:00,BTC-USDC,Sell,-0.257,37198.0,-9559.886,-1.433982,USDC
2023-11-13 01:35:00,BTC-USDC,Sell,-0.093,37198.0,-3459.4139999999998,-0.518912,USDC
2023-11-13 01:34:00,BTC-USDC,Sell,-0.4,37211.0,-14884.400000000001,-5.95376,USDC
2023-11-13 01:24:00,BTC-USDC,Buy,0.1,37297.0,3729.7000000000003,-1.49188,USDC
2023-11-13 01:17:00,BTC-USDC,Buy,0.3,37413.0,11223.9,-4.48956,USDC
2023-11-12 23:22:00,BTC-USDC,Sell,-0.2116,37001.0,-7829.4116,-3.131764,USDC
2023-11-12 23:22:00,BTC-USDC,Sell,-0.0068,37001.0,-251.6068,-0.100642,USDC
2023-11-12 23:22:00,BTC-USDC,Sell,-0.0816,37002.0,-3019.3632000000002,-1.207745,USDC
2023-11-12 17:32:00,BTC-USDC,Buy,0.2529,37146.0,9394.2234,-1.409133,USDC
2023-11-12 17:32:00,BTC-USDC,Buy,0.0087,37146.0,323.17019999999997,-0.048475,USDC
2023-11-12 17:32:00,BTC-USDC,Buy,0.0125,37146.0,464.32500000000005,-0.069648,USDC
2023-11-12 17:32:00,BTC-USDC,Buy,0.0259,37146.0,962.0814,-0.144312,USDC
2023-11-11 06:25:00,FIL-USDC,Sell,-327.3,4.52,-1479.396,-0.591758,USDC
2023-11-11 06:25:00,FIL-USDC,Sell,-47.7,4.52,-215.60399999999998,-0.086241,USDC
2023-11-10 21:07:00,FIL-USDC,Buy,132.2,4.55,601.5099999999999,-0.240604,USDC
2023-11-10 21:07:00,FIL-USDC,Buy,242.8,4.55,1104.74,-0.441896,USDC
2023-11-10 07:19:00,XLM-USDC,Sell,-12000.0,0.1224,-1468.8,-0.58752,USDC
2023-11-10 07:16:00,SOL-USDC,Sell,-18.7,47.648,-891.0176,-0.356407,USDC
2023-11-10 07:16:00,SOL-USDC,Sell,-6.3,47.648,-300.18240000000003,-0.120072,USDC
2023-11-10 06:21:00,SOL-USDC,Buy,18.6,46.933,872.9538000000001,-0.349181,USDC
2023-11-10 06:21:00,SOL-USDC,Buy,6.4,46.927,300.3328,-0.120133,USDC
2023-11-09 22:29:00,XLM-USDC,Buy,12000.0,0.1208,1449.6000000000001,-0.57984,USDC
2023-11-09 22:20:00,XLM-USDC,Sell,-68530.0,0.1206,-8264.718,-3.305887,USDC
2023-11-09 22:20:00,XLM-USDC,Sell,-14900.0,0.1206,-1796.94,-0.718776,USDC
2023-11-09 22:20:00,XLM-USDC,Sell,-16570.0,0.1207,-1999.999,-0.799999,USDC
2023-11-09 22:18:00,XLM-USDC,Buy,4600.0,0.1209,556.14,-0.083421,USDC
2023-11-09 22:18:00,XLM-USDC,Buy,4870.0,0.1209,588.783,-0.088317,USDC
2023-11-09 22:18:00,XLM-USDC,Buy,9750.0,0.1209,1178.7749999999999,-0.176816,USDC
2023-11-09 22:18:00,XLM-USDC,Buy,2430.0,0.1209,293.787,-0.044068,USDC
2023-11-09 22:18:00,XLM-USDC,Buy,8260.0,0.1209,998.6339999999999,-0.149795,USDC
2023-11-09 22:18:00,XLM-USDC,Buy,600.0,0.1209,72.53999999999999,-0.010881,USDC
2023-11-09 22:18:00,XLM-USDC,Buy,19750.0,0.1209,2387.775,-0.358166,USDC
2023-11-09 22:18:00,XLM-USDC,Buy,2560.0,0.1209,309.50399999999996,-0.046425,USDC
2023-11-09 22:18:00,XLM-USDC,Buy,3880.0,0.1209,469.092,-0.070363,USDC
2023-11-09 22:18:00,XLM-USDC,Buy,4640.0,0.1209,560.976,-0.084146,USDC
2023-11-09 22:18:00,XLM-USDC,Buy,2390.0,0.1209,288.95099999999996,-0.043342,USDC
2023-11-09 22:18:00,XLM-USDC,Buy,16520.0,0.1209,1997.2679999999998,-0.29959,USDC
2023-11-09 22:18:00,XLM-USDC,Buy,19750.0,0.1209,2387.775,-0.358166,USDC
2023-11-09 22:13:00,BTC-USDC,Buy,0.7,36681.0,25676.699999999997,-3.851505,USDC
2023-11-09 16:37:00,SOL-USDC,Sell,-11.4,43.582,-496.83480000000003,-0.198733,USDC
2023-11-09 16:13:00,SOL-USDC,Buy,9.4,43.819,411.89860000000004,-0.205949,USDC
2023-11-09 16:13:00,SOL-USDC,Buy,2.0,43.736,87.472,-0.043736,USDC
2023-11-09 16:11:00,BTC-USDC,Sell,-0.3,36673.0,-11001.9,-5.50095,USDC
2023-11-09 13:12:00,BTC-USDC,Sell,-0.05,36919.0,-1845.95,-0.73838,USDC
2023-11-09 10:25:00,BTC-USDC,Sell,-0.05,36923.0,-1846.15,-0.923075,USDC
2023-11-09 10:25:00,BTC-USDC,Buy,0.5,36926.0,18463.0,-9.2315,USDC
2023-11-09 10:24:00,BTC-USDC,Sell,-0.313,36927.0,-11558.151,-5.779075,USDC
2023-11-09 10:24:00,BTC-USDC,Sell,-0.187,36932.0,-6906.284,-3.453142,USDC
2023-11-09 10:05:00,BTC-USDC,Sell,-0.15,36781.0,-5517.15,-2.758575,USDC
2023-11-09 07:43:00,BTC-USDC,Sell,-0.1489,36619.0,-5452.569100000001,-2.726284,USDC
2023-11-09 07:43:00,BTC-USDC,Sell,-0.0011,36619.0,-40.2809,-0.02014,USDC
2023-11-09 07:43:00,ETH-USDC,Buy,0.15,1913.4,287.01,-0.143505,USDC
2023-11-09 02:29:00,ETH-USDC,Sell,-0.15,1919.9,-287.985,-0.143992,USDC
2023-11-07 17:44:00,BTC-USDC,Buy,0.35,34821.0,12187.349999999999,-6.093675,USDC
2023-11-07 15:45:00,BTC-USDC,Sell,-0.29,34669.0,-10054.009999999998,-2.010802,USDC
2023-11-07 15:45:00,BTC-USDC,Sell,-0.06,34669.0,-2080.14,-0.416028,USDC
2023-11-03 09:25:00,BTC-USDC,Sell,-0.2836,34301.0,-9727.7636,-4.863881,USDC
2023-11-03 09:25:00,BTC-USDC,Sell,-0.0164,34303.0,-562.5692,-0.281284,USDC
2023-11-03 08:51:00,BTC-USDC,Buy,0.3,34404.0,10321.199999999999,-5.1606,USDC
2023-11-03 08:38:00,BTC-USDC,Buy,0.2631,34514.0,9080.6334,-4.540316,USDC
2023-11-03 08:38:00,BTC-USDC,Buy,0.0869,34514.0,2999.2666000000004,-1.499633,USDC
2023-11-03 02:55:00,BTC-USDC,Sell,-0.2717,34666.0,-9418.752199999999,-1.88375,USDC
2023-11-03 02:55:00,BTC-USDC,Sell,-0.0783,34666.0,-2714.3478,-0.542869,USDC
2023-11-03 02:40:00,BTC-USDC,Sell,-0.15,34661.0,-5199.15,-2.599575,USDC
2023-11-03 00:56:00,ETH-USDC,Sell,-1.5,1782.0,-2673.0,-1.3365,USDC
2023-11-03 00:56:00,ETH-USDC,Sell,-1.5,1782.0,-2673.0,-1.3365,USDC
2023-11-02 20:03:00,ETH-USDC,Buy,1.5,1810.9,2716.3500000000004,-1.358175,USDC
2023-11-02 17:40:00,BTC-USDC,Buy,0.15,34681.0,5202.15,-2.601075,USDC
2023-11-02 17:38:00,BTC-USDC,Buy,0.3701,34685.0,12836.9185,-6.418459,USDC
2023-11-02 17:38:00,BTC-USDC,Buy,0.3299,34685.0,11442.5815,-5.72129,USDC
2023-11-02 13:31:00,BTC-USDC,Sell,-0.1254,35161.0,-4409.1894,-2.204594,USDC
2023-11-02 13:31:00,BTC-USDC,Sell,-0.5746,35161.0,-20203.5106,-10.101755,USDC
2023-11-02 13:30:00,BTC-USDC,Sell,-0.3,35153.0,-10545.9,-5.27295,USDC
2023-11-02 10:03:00,BTC-USDC,Buy,0.3,35387.0,10616.1,-5.30805,USDC
2023-11-02 10:02:00,ETH-USDC,Buy,1.5,1833.5,2750.25,-1.375125,USDC
2023-11-02 09:58:00,BTC-USDC,Buy,0.33,35410.0,11685.300000000001,-5.84265,USDC
2023-11-02 09:58:00,BTC-USDC,Buy,0.02,35410.0,708.2,-0.3541,USDC
2023-11-02 06:11:00,BTC-USDC,Sell,-0.35,35162.0,-12306.699999999999,-6.15335,USDC
2023-11-02 05:08:00,BTC-USDC,Sell,-0.1975,35430.0,-6997.425,-3.498712,USDC
2023-11-02 05:08:00,BTC-USDC,Sell,-0.2295,35430.0,-8131.185,-4.065592,USDC
2023-11-01 18:21:00,BTC-USDC,Buy,0.427,34559.0,14756.693,-7.378346,USDC
2023-11-01 18:20:00,ETH-USDC,Buy,2.0,1819.2,3638.4,-1.8192,USDC
2023-11-01 18:20:00,BTC-USDC,Buy,0.7,34540.0,24178.0,-12.089,USDC
2023-11-01 13:42:00,ETH-USDC,Sell,-2.0,1798.9,-3597.8,-1.7989,USDC
2023-11-01 13:41:00,BTC-USDC,Sell,-0.7,34530.0,-24171.0,-12.0855,USDC
2023-11-01 13:41:00,BTC-USDC,Sell,-0.3,34524.0,-10357.199999999999,-5.1786,USDC
2023-11-01 12:37:00,BTC-USDC,Buy,0.289,34456.0,9957.784,-4.978892,USDC
2023-11-01 12:37:00,BTC-USDC,Buy,0.011,34456.0,379.01599999999996,-0.189508,USDC
2023-11-01 11:37:00,ETH-USDC,Buy,0.333,1797.7,598.6341000000001,-0.299317,USDC
2023-11-01 11:37:00,ETH-USDC,Buy,1.667,1797.7,2996.7659000000003,-1.498382,USDC
2023-11-01 11:21:00,ETH-USDC,Sell,-2.0,1793.1,-3586.2,-1.7931,USDC
2023-11-01 10:25:00,BTC-USDC,Sell,-0.0094,34441.0,-323.7454,-0.161872,USDC
2023-11-01 10:25:00,BTC-USDC,Sell,-0.001,34441.0,-34.441,-0.01722,USDC
2023-11-01 10:25:00,BTC-USDC,Sell,-0.001,34441.0,-34.441,-0.01722,USDC
2023-11-01 10:25:00,BTC-USDC,Sell,-0.0289,34441.0,-995.3448999999999,-0.497672,USDC
2023-11-01 10:25:00,BTC-USDC,Sell,-0.05,34441.0,-1722.0500000000002,-0.861025,USDC
2023-11-01 10:25:00,BTC-USDC,Sell,-0.07,34441.0,-2410.8700000000003,-1.205435,USDC
2023-11-01 10:25:00,BTC-USDC,Sell,-0.0397,34441.0,-1367.3077,-0.683653,USDC
2023-10-31 19:02:00,BTC-USDC,Buy,0.2,34565.0,6913.0,-3.4565,USDC
2023-10-31 18:59:00,BTC-USDC,Buy,0.2974,34486.0,10256.1364,-5.128068,USDC
2023-10-31 18:59:00,BTC-USDC,Buy,0.0526,34486.0,1813.9636,-0.906981,USDC
2023-10-31 18:45:00,BTC-USDC,Buy,0.35,34417.0,12045.949999999999,-6.022975,USDC
2023-10-31 17:13:00,LINK-USDC,Sell,-100.0,11.204,-1120.4,-0.5602,USDC
2023-10-31 17:13:00,BTC-USDC,Sell,-0.2343,34368.0,-8052.4224,-4.026211,USDC
2023-10-31 17:13:00,BTC-USDC,Sell,-0.4657,34368.0,-16005.1776,-8.002588,USDC
2023-10-31 17:13:00,BTC-USDC,Sell,-0.1,34371.0,-3437.1000000000004,-1.71855,USDC
2023-10-31 16:54:00,LINK-USDC,Buy,10.8,11.232,121.3056,-0.060652,USDC
2023-10-31 16:54:00,LINK-USDC,Buy,89.2,11.231,1001.8052,-0.500902,USDC
2023-10-31 16:52:00,BTC-USDC,Buy,0.1,34430.0,3443.0,-1.7215,USDC
2023-10-31 16:51:00,BTC-USDC,Buy,0.7,34433.0,24103.1,-12.05155,USDC
2023-10-31 16:40:00,ETH-USDC,Buy,2.0,1802.1,3604.2,-1.8021,USDC
2023-10-31 15:46:00,ETH-USDC,Sell,-1.624,1789.5,-2906.148,-1.453074,USDC
2023-10-31 15:46:00,ETH-USDC,Sell,-0.376,1789.5,-672.852,-0.336426,USDC
2023-10-31 08:19:00,LTC-USDC,Buy,7.0,68.7,480.90000000000003,-0.24045,USDC
2023-10-31 08:03:00,LTC-USDC,Sell,-7.0,68.5,-479.5,-0.23975,USDC
2023-10-30 15:43:00,BTC-USDC,Sell,-0.3211,34683.0,-11136.711299999999,-5.568355,USDC
2023-10-30 15:43:00,BTC-USDC,Sell,-0.0289,34683.0,-1002.3386999999999,-0.501169,USDC
2023-10-30 14:32:00,BTC-USDC,Sell,-0.35,34645.0,-12125.75,-6.062875,USDC
2023-10-30 13:37:00,BTC-USDC,Sell,-0.15,34715.0,-5207.25,-2.603625,USDC
2023-10-30 13:23:00,BTC-USDC,Buy,0.15,34664.0,5199.599999999999,-2.5998,USDC
2023-10-30 13:21:00,BTC-USDC,Buy,0.7,34653.0,24257.1,-12.12855,USDC
2023-10-30 13:07:00,BTC-USDC,Sell,-0.3332,34576.0,-11520.7232,-2.304144,USDC
2023-10-30 13:07:00,BTC-USDC,Sell,-0.0769,34576.0,-2658.8943999999997,-0.531778,USDC
2023-10-30 13:07:00,BTC-USDC,Sell,-0.2899,34576.0,-10023.5824,-2.004716,USDC
2023-10-30 13:06:00,BTC-USDC,Sell,-0.1,34564.0,-3456.4,-1.7282,USDC
2023-10-30 13:06:00,LINK-USDC,Sell,-5.0,11.276,-56.379999999999995,-0.02819,USDC
2023-10-30 13:06:00,LINK-USDC,Sell,-115.0,11.276,-1296.74,-0.64837,USDC
2023-10-30 09:21:00,LINK-USDC,Buy,32.2,11.408,367.3376,-0.183668,USDC
2023-10-30 09:21:00,LINK-USDC,Buy,87.8,11.405,1001.3589999999999,-0.500679,USDC
2023-10-30 09:19:00,BTC-USDC,Buy,0.1,34515.0,3451.5,-1.72575,USDC
2023-10-30 09:19:00,BTC-USDC,Buy,0.321,34510.0,11077.710000000001,-5.538855,USDC
2023-10-30 09:19:00,BTC-USDC,Buy,0.029,34510.0,1000.7900000000001,-0.500395,USDC
2023-10-30 02:01:00,LINK-USDC,Sell,-62.5,11.107,-694.1875,-0.347093,USDC
2023-10-30 02:01:00,BTC-USDC,Sell,-0.1303,34277.0,-4466.2931,-2.233146,USDC
2023-10-30 02:01:00,BTC-USDC,Sell,-0.1468,34281.0,-5032.4508000000005,-2.516225,USDC
2023-10-30 02:01:00,BTC-USDC,Sell,-0.0729,34282.0,-2499.1578000000004,-1.249578,USDC
2023-10-29 18:19:00,LINK-USDC,Buy,62.5,11.211,700.6875,-0.350343,USDC
2023-10-29 06:40:00,BTC-USDC,Sell,-0.35,34101.0,-11935.349999999999,-5.967675,USDC
2023-10-29 06:40:00,BTC-USDC,Buy,0.35,34105.0,11936.75,-5.968375,USDC
2023-10-29 06:39:00,BTC-USDC,Buy,0.3,34112.0,10233.6,-5.1168,USDC
2023-10-29 06:39:00,BTC-USDC,Buy,0.05,34112.0,1705.6000000000001,-0.8528,USDC
2023-10-28 17:04:00,BTC-USDC,Sell,-0.35,34132.0,-11946.199999999999,-2.38924,USDC
2023-10-27 18:18:00,BTC-USDC,Buy,0.5,33590.0,16795.0,-8.3975,USDC
2023-10-27 16:48:00,BTC-USDC,Sell,-0.15,33880.0,-5082.0,-2.541,USDC
2023-10-27 15:17:00,BTC-USDC,Buy,0.15,33939.0,5090.849999999999,-2.545425,USDC
2023-10-27 14:29:00,BTC-USDC,Sell,-0.15,33930.0,-5089.5,-2.54475,USDC
2023-10-26 18:31:00,BTC-USDC,Buy,0.0898,34045.0,3057.241,-1.52862,USDC
2023-10-26 18:31:00,BTC-USDC,Buy,0.1102,34045.0,3751.759,-1.875879,USDC
2023-10-26 15:19:00,BTC-USDC,Sell,-0.1,33951.0,-3395.1000000000004,-1.69755,USDC
2023-10-26 14:24:00,BTC-USDC,Sell,-0.1,34175.0,-3417.5,-1.70875,USDC
2023-10-23 22:13:00,BTC-USDC,Buy,0.35,31875.0,11156.25,-5.578125,USDC
2023-10-22 19:03:00,BTC-USDC,Sell,-0.35,29897.0,-10463.949999999999,-5.231975,USDC
2023-10-22 16:50:00,BTC-USDC,Sell,-0.35,29858.0,-10450.3,-5.22515,USDC
2023-10-22 07:45:00,MKR-USDC,Sell,-1.242,1423.0,-1767.366,-0.883683,USDC
2023-10-22 07:45:00,MKR-USDC,Sell,-1.058,1423.0,-1505.534,-0.752767,USDC
2023-10-22 07:45:00,MKR-USDC,Sell,-0.2,1423.0,-284.6,-0.1423,USDC
2023-10-22 07:25:00,LTC-USDC,Sell,-4.18,64.8,-270.864,-0.135432,USDC
2023-10-22 07:25:00,LTC-USDC,Sell,-44.43,64.8,-2879.064,-1.439532,USDC
2023-10-22 07:25:00,LTC-USDC,Sell,-43.01,64.8,-2787.048,-1.393524,USDC
2023-10-22 07:25:00,LTC-USDC,Sell,-3.0,64.8,-194.39999999999998,-0.0972,USDC
2023-10-22 07:25:00,LTC-USDC,Sell,-3.0,64.8,-194.39999999999998,-0.0972,USDC
2023-10-22 07:25:00,LTC-USDC,Sell,-2.38,64.8,-154.224,-0.077112,USDC
2023-10-22 06:33:00,LTC-USDC,Buy,2.15,65.2,140.18,-0.07009,USDC
2023-10-22 06:33:00,LTC-USDC,Buy,52.61,65.2,3430.172,-1.715086,USDC
2023-10-22 06:33:00,LTC-USDC,Buy,45.24,65.2,2949.648,-1.474824,USDC
2023-10-21 18:57:00,MKR-USDC,Buy,0.145,1432.0,207.64,-0.10382,USDC
2023-10-21 18:57:00,MKR-USDC,Buy,1.366,1432.0,1956.112,-0.978056,USDC
2023-10-21 18:57:00,MKR-USDC,Buy,0.989,1432.0,1416.248,-0.708124,USDC
2023-10-21 06:43:00,BTC-USDC,Buy,0.7,29718.0,20802.6,-10.4013,USDC
2023-10-21 05:12:00,YFI-USDC,Buy,0.4082,5098.0,2081.0036,-1.040501,USDC
2023-10-21 05:12:00,YFI-USDC,Buy,0.5918,5098.0,3016.9964,-1.508498,USDC
2023-10-21 01:59:00,YFI-USDC,Sell,-0.2128,5019.0,-1068.0431999999998,-0.534021,USDC
2023-10-21 01:59:00,YFI-USDC,Sell,-0.5972,5020.0,-2997.944,-1.498972,USDC
2023-10-21 01:59:00,YFI-USDC,Sell,-0.19,5020.0,-953.8,-0.4769,USDC
2023-10-21 01:58:00,YFI-USDC,Buy,0.0977,5020.0,490.45399999999995,-0.245227,USDC
2023-10-21 01:58:00,YFI-USDC,Buy,1.1171,5020.0,5607.842,-2.803921,USDC
2023-10-21 01:58:00,YFI-USDC,Buy,0.5972,5020.0,2997.944,-1.498972,USDC
2023-10-21 01:58:00,YFI-USDC,Buy,0.188,5020.0,943.76,-0.47188,USDC
2023-10-21 01:58:00,YFI-USDC,Sell,-0.16,5019.0,-803.04,-0.40152,USDC
2023-10-21 01:58:00,YFI-USDC,Sell,-0.6487,5019.0,-3255.8253000000004,-1.627912,USDC
2023-10-21 01:58:00,YFI-USDC,Sell,-0.0013,5019.0,-6.524699999999999,-0.003262,USDC
2023-10-21 01:58:00,YFI-USDC,Sell,-0.19,5020.0,-953.8,-0.4769,USDC
2023-10-21 01:57:00,YFI-USDC,Sell,-0.1462,5020.0,-733.924,-0.366962,USDC
2023-10-21 01:57:00,YFI-USDC,Sell,-0.8538,5020.0,-4286.076,-2.143038,USDC
2023-10-21 01:55:00,BTC-USDC,Sell,-0.0147,29552.0,-434.4144,-0.217207,USDC
2023-10-21 01:55:00,BTC-USDC,Sell,-0.1321,29552.0,-3903.8192,-1.951909,USDC
2023-10-21 01:55:00,BTC-USDC,Sell,-0.5532,29552.0,-16348.1664,-8.174083,USDC
2023-10-20 14:48:00,YFI-USDC,Buy,0.3938,4966.0,1955.6108,-0.977805,USDC
2023-10-20 14:48:00,YFI-USDC,Buy,0.6062,4965.0,3009.783,-1.504891,USDC
2023-10-20 14:37:00,BTC-USDC,Buy,0.401,29583.0,11862.783000000001,-5.931391,USDC
2023-10-20 14:37:00,BTC-USDC,Buy,0.3,29583.0,8874.9,-4.43745,USDC
2023-10-20 03:25:00,LTC-USDC,Buy,50.0,62.8,3140.0,-1.57,USDC
2023-10-19 16:35:00,LTC-USDC,Sell,-11.06,61.4,-679.0840000000001,-0.339542,USDC
2023-10-19 16:35:00,LTC-USDC,Sell,-0.44,61.4,-27.016,-0.013508,USDC
2023-10-19 16:35:00,LTC-USDC,Sell,-38.5,61.4,-2363.9,-1.18195,USDC
2023-10-18 17:24:00,BTC-USDC,Sell,-0.3118,28423.0,-8862.2914,-4.431145,USDC
2023-10-18 17:24:00,BTC-USDC,Sell,-0.3892,28423.0,-11062.2316,-5.531115,USDC
2023-10-18 15:50:00,BTC-USDC,Buy,0.6917,28266.0,19551.5922,-9.775796,USDC
2023-10-18 15:50:00,BTC-USDC,Buy,0.0097,28266.0,274.1802,-0.13709,USDC
2023-10-18 08:14:00,YFI-USDC,Sell,-0.413,5103.0,-2107.5389999999998,-1.053769,USDC
2023-10-18 08:14:00,YFI-USDC,Sell,-0.587,5105.0,-2996.6349999999998,-1.498317,USDC
2023-10-18 07:48:00,BTC-USDC,Sell,-0.7014,28515.0,-20000.421000000002,-10.00021,USDC
2023-10-18 04:49:00,YFI-USDC,Buy,0.445,5107.0,2272.6150000000002,-1.136307,USDC
2023-10-18 04:49:00,YFI-USDC,Buy,0.185,5107.0,944.795,-0.472397,USDC
2023-10-18 04:49:00,YFI-USDC,Buy,0.185,5107.0,944.795,-0.472397,USDC
2023-10-18 04:49:00,YFI-USDC,Buy,0.185,5106.0,944.61,-0.472305,USDC
2023-10-18 04:35:00,BTC-USDC,Buy,0.1529,28473.0,4353.5217,-2.17676,USDC
2023-10-18 04:35:00,BTC-USDC,Buy,0.5481,28473.0,15606.051300000001,-7.803025,USDC
2023-10-17 18:57:00,YFI-USDC,Sell,-0.4096,5071.0,-2077.0816,-1.03854,USDC
2023-10-17 18:57:00,YFI-USDC,Sell,-0.5904,5072.0,-2994.5088,-1.497254,USDC
2023-10-17 05:03:00,BTC-USDC,Sell,-0.701,28192.0,-19762.592,-9.881296,USDC
2023-10-16 18:34:00,BTC-USDC,Sell,-0.1685,28337.0,-4774.784500000001,-2.387392,USDC
2023-10-16 13:38:00,BTC-USDC,Buy,0.0314,28935.0,908.559,-0.454279,USDC
2023-10-16 13:38:00,BTC-USDC,Buy,0.1371,28928.0,3966.0288,-1.983014,USDC
2023-10-15 18:28:00,BTC-USDC,Buy,0.2014,26981.0,5433.9734,-2.716986,USDC
2023-10-14 07:33:00,BTC-USDC,Sell,-0.2014,26867.0,-5411.0138,-2.705506,USDC
2023-10-13 21:00:00,BTC-USDC,Buy,0.5054,27004.0,13647.8216,-6.82391,USDC
2023-10-13 21:00:00,BTC-USDC,Buy,0.005,27004.0,135.02,-0.06751,USDC
2023-10-13 20:55:00,ETH-USDC,Buy,1.5,1555.0,2332.5,-1.16625,USDC
2023-10-13 20:54:00,YFI-USDC,Buy,0.514,5135.0,2639.39,-1.319695,USDC
2023-10-13 20:54:00,YFI-USDC,Buy,0.486,5135.0,2495.61,-1.247805,USDC
2023-10-13 20:54:00,LTC-USDC,Buy,15.0,61.7,925.5,-0.46275,USDC
2023-10-13 20:52:00,BTC-USDC,Buy,0.1756,26918.0,4726.8008,-2.3634,USDC
2023-10-13 20:52:00,BTC-USDC,Buy,0.0244,26918.0,656.7992,-0.328399,USDC
2023-10-13 20:03:00,AAVE-USDC,Buy,7.0,63.39,443.73,-0.221865,USDC
2023-10-13 20:02:00,BTC-USDC,Buy,0.2898,26783.0,7761.7134,-3.880856,USDC
2023-10-13 20:02:00,BTC-USDC,Buy,0.0102,26783.0,273.1866,-0.136593,USDC
2023-10-12 19:13:00,YFI-USDC,Sell,-0.4,5048.0,-2019.2,-1.0096,USDC
2023-10-11 12:43:00,LTC-USDC,Sell,-15.0,61.9,-928.5,-0.46425,USDC
2023-10-10 15:01:00,AAVE-USDC,Sell,-7.0,64.04,-448.28000000000003,-0.22414,USDC
2023-10-10 14:58:00,BTC-USDC,Sell,-0.3,27430.0,-8229.0,-4.1145,USDC
2023-10-10 14:30:00,BTC-USDC,Buy,0.3,27570.0,8271.0,-4.1355,USDC
2023-10-08 18:16:00,BTC-USDC,Sell,-0.15,27853.0,-4177.95,-2.088975,USDC
2023-10-07 06:09:00,BTC-USDC,Sell,-0.15,27906.0,-4185.9,-2.09295,USDC
2023-10-06 21:38:00,BTC-USDC,Buy,0.197,28278.0,5570.7660000000005,-2.785383,USDC
2023-10-06 21:38:00,BTC-USDC,Buy,0.003,28275.0,84.825,-0.042412,USDC
2023-10-06 21:38:00,BTC-USDC,Buy,0.1,28274.0,2827.4,-1.4137,USDC
2023-10-05 07:26:00,BTC-USDC,Sell,-0.3,27588.0,-8276.4,-4.1382,USDC
2023-10-05 00:48:00,BTC-USDC,Buy,0.3,27871.0,8361.3,-4.18065,USDC
2023-10-04 19:22:00,BTC-USDC,Sell,-0.1891,27733.0,-5244.3103,-2.622155,USDC
2023-10-04 19:22:00,BTC-USDC,Sell,-0.1109,27733.0,-3075.5897,-1.537794,USDC
2023-10-04 07:51:00,BTC-USDC,Buy,0.3,27435.0,8230.5,-4.11525,USDC
2023-10-03 06:52:00,BTC-USDC,Sell,-0.3,27663.0,-8298.9,-4.14945,USDC
2023-10-02 14:24:00,YFI-USDC,Sell,-0.0445,5426.0,-241.457,-0.120728,USDC
2023-10-02 14:24:00,YFI-USDC,Sell,-0.5555,5426.0,-3014.143,-1.507071,USDC
2023-10-01 05:44:00,YFI-USDC,Buy,0.3,5386.0,1615.8,-0.8079,USDC
2023-10-01 05:12:00,YFI-USDC,Buy,0.3,5328.0,1598.3999999999999,-0.7992,USDC
2023-09-28 16:03:00,ALGO-USDC,Buy,5000.0,0.0983,491.5,-0.24575,USDC
2023-09-27 17:29:00,YFI-USDC,Sell,-0.3,5186.0,-1555.8,-0.7779,USDC
2023-09-27 11:49:00,BTC-USDC,Buy,0.3,26737.0,8021.099999999999,-4.01055,USDC
2023-09-24 18:29:00,BTC-USDC,Sell,-0.3,26559.0,-7967.7,-3.98385,USDC
2023-09-12 21:07:00,BTC-USDC,Sell,-0.1,26087.0,-2608.7000000000003,-0.52174,USDC
2023-09-12 20:52:00,BTC-USDC,Sell,-0.1,26090.0,-2609.0,-0.5218,USDC
2023-09-11 15:17:00,BTC-USDC,Buy,0.2,24995.0,4999.0,-2.4995,USDC
2023-08-28 02:42:00,YFI-USDC,Sell,-0.3,5742.0,-1722.6,-0.8613,USDC
2023-08-22 17:19:00,BTC-USDC,Sell,-0.188,25883.0,-4866.004,-2.433002,USDC
2023-08-22 17:19:00,BTC-USDC,Sell,-0.01,25883.0,-258.83,-0.129415,USDC
2023-08-22 17:19:00,BTC-USDC,Sell,-0.002,25883.0,-51.766,-0.025883,USDC
2023-08-22 16:59:00,BTC-USDC,Buy,0.2,26001.0,5200.200000000001,-1.04004,USDC
2023-08-21 07:58:00,BTC-USDC,Sell,-0.2,25997.0,-5199.400000000001,-2.5997,USDC
2023-08-20 23:46:00,BTC-USDC,Sell,-0.1,26162.0,-2616.2000000000003,-1.3081,USDC
2023-08-19 19:57:00,BTC-USDC,Sell,-0.1,26142.0,-2614.2000000000003,-1.3071,USDC
2023-08-18 15:59:00,BTC-USDC,Buy,0.1,25977.0,2597.7000000000003,-1.29885,USDC
2023-08-17 21:45:00,BTC-USDC,Buy,0.3,24960.0,7488.0,-3.744,USDC
2023-08-16 18:33:00,ALGO-USDC,Sell,-5000.0,0.1042,-521.0,-0.2605,USDC
2023-08-13 20:11:00,ETH-USDC,Sell,-0.972,1856.8,-1804.8095999999998,-0.902404,USDC
2023-08-13 20:11:00,ETH-USDC,Sell,-0.012,1856.8,-22.2816,-0.01114,USDC
2023-08-13 20:11:00,ETH-USDC,Sell,-0.016,1856.8,-29.7088,-0.014854,USDC
2023-08-13 20:11:00,ETH-USDC,Sell,-0.012,1856.8,-22.2816,-0.01114,USDC
2023-08-13 20:11:00,ETH-USDC,Sell,-0.14,1856.8,-259.952,-0.129976,USDC
2023-08-13 20:11:00,ETH-USDC,Sell,-0.33,1856.8,-612.744,-0.306372,USDC
2023-08-13 20:11:00,ETH-USDC,Sell,-0.018,1856.8,-33.422399999999996,-0.016711,USDC
2023-08-13 20:11:00,BTC-USDC,Sell,-0.7104,29410.0,-20892.864,-10.446432,USDC
2023-08-13 19:41:00,ETH-USDC,Buy,1.187,1855.8,2202.8346,-1.101417,USDC
2023-08-13 19:41:00,ETH-USDC,Buy,0.313,1855.8,580.8654,-0.290432,USDC
2023-08-13 19:41:00,BTC-USDC,Buy,0.1162,29427.0,3419.4174,-1.709708,USDC
2023-08-13 19:41:00,BTC-USDC,Buy,0.3617,29427.0,10643.7459,-5.321872,USDC
2023-08-13 19:41:00,BTC-USDC,Buy,0.204,29426.0,6002.9039999999995,-3.001452,USDC
2023-08-13 19:41:00,BTC-USDC,Buy,0.0164,29426.0,482.5864,-0.241293,USDC
2023-08-13 19:41:00,BTC-USDC,Buy,0.0011,29424.0,32.3664,-0.016183,USDC
2023-08-13 19:41:00,BTC-USDC,Buy,0.0011,29424.0,32.3664,-0.016183,USDC
2023-08-13 19:41:00,BTC-USDC,Buy,0.0009,29424.0,26.4816,-0.01324,USDC
2023-08-11 15:44:00,BTC-USDC,Sell,-0.5991,29340.0,-17577.593999999997,-8.788797,USDC
2023-08-11 15:44:00,BTC-USDC,Sell,-0.1023,29340.0,-3001.482,-1.500741,USDC
2023-08-11 15:44:00,ETH-USDC,Sell,-1.5,1842.8,-2764.2,-1.3821,USDC
2023-08-11 15:42:00,TRX-USDC,Sell,-20000.0,0.0769,-1538.0,-0.769,USDC
2023-08-11 15:42:00,ETH-USDC,Sell,-1.5,1843.1,-2764.6499999999996,-1.382325,USDC
2023-08-11 15:41:00,BTC-USDC,Sell,-0.3,29345.0,-8803.5,-4.40175,USDC
2023-08-11 05:43:00,ETH-USDC,Buy,1.5,1846.9,2770.3500000000004,-1.385175,USDC
2023-08-10 22:23:00,ETH-USDC,Sell,-1.5,1849.8,-2774.7,-1.38735,USDC
2023-08-10 06:17:00,TRX-USDC,Buy,3280.0,0.0769,252.232,-0.126116,USDC
2023-08-10 06:17:00,TRX-USDC,Buy,16720.0,0.0769,1285.768,-0.642884,USDC
2023-08-09 17:33:00,BTC-USDC,Buy,0.15,29453.0,4417.95,-2.208975,USDC
2023-08-08 23:19:00,BTC-USDC,Buy,0.15,29802.0,4470.3,-2.23515,USDC
2023-08-08 15:20:00,ETH-USDC,Buy,1.5,1840.9,2761.3500000000004,-1.380675,USDC
2023-08-08 13:17:00,BTC-USDC,Sell,-0.3,29588.0,-8876.4,-4.4382,USDC
2023-08-08 13:04:00,BTC-USDC,Buy,0.3,29636.0,8890.8,-4.4454,USDC
2023-08-08 13:04:00,BTC-USDC,Buy,0.7014,29639.0,20788.7946,-10.394397,USDC
2023-08-08 12:57:00,ETH-USDC,Buy,5.0,1842.9,9214.5,-4.60725,USDC
2023-08-08 07:50:00,BTC-USDC,Sell,-0.7014,29165.0,-20456.331000000002,-10.228165,USDC
2023-08-08 07:50:00,ETH-USDC,Sell,-5.0,1828.6,-9143.0,-4.5715,USDC
2023-08-07 21:22:00,ETH-USDC,Buy,5.0,1825.1,9125.5,-4.56275,USDC
2023-08-07 21:22:00,BTC-USDC,Buy,0.4329,29175.0,12629.8575,-6.314928,USDC
2023-08-07 21:22:00,BTC-USDC,Buy,0.0022,29174.0,64.1828,-0.032091,USDC
2023-08-07 21:22:00,BTC-USDC,Buy,0.1903,29174.0,5551.8122,-2.775906,USDC
2023-08-07 21:22:00,BTC-USDC,Buy,0.076,29174.0,2217.224,-1.108612,USDC
2023-08-04 18:52:00,ETH-USDC,Sell,-5.0,1831.3,-9156.5,-4.57825,USDC
2023-08-04 15:18:00,BTC-USDC,Sell,-0.7014,29231.0,-20502.6234,-10.251311,USDC
2023-08-04 13:37:00,ETH-USDC,Buy,1.5,1845.7,2768.55,-1.384275,USDC
2023-08-04 12:41:00,BTC-USDC,Buy,0.7014,29185.0,20470.359,-10.235179,USDC
2023-08-03 19:05:00,ALGO-USDC,Buy,4153.0,0.1071,444.7863,-0.222393,USDC
2023-08-03 19:05:00,ALGO-USDC,Buy,16000.0,0.1071,1713.6,-0.8568,USDC
2023-08-02 18:05:00,ALGO-USDC,Sell,-1653.0,0.1067,-176.3751,-0.088187,USDC
2023-08-02 18:05:00,ALGO-USDC,Sell,-18500.0,0.1067,-1973.95,-0.986975,USDC
2023-08-02 17:56:00,ETH-USDC,Sell,-1.5,1829.7,-2744.55,-1.372275,USDC
2023-08-02 17:56:00,BTC-USDC,Sell,-0.7014,29114.0,-20420.5596,-10.210279,USDC
2023-08-02 17:55:00,LTC-USDC,Sell,-24.0,86.7,-2080.8,-1.0404,USDC
2023-08-02 05:47:00,LTC-USDC,Buy,24.0,92.4,2217.6000000000004,-1.1088,USDC
2023-08-02 05:39:00,BTC-USDC,Buy,0.166,29610.0,4915.26,-2.45763,USDC
2023-08-02 05:39:00,BTC-USDC,Buy,0.544,29610.0,16107.840000000002,-8.05392,USDC
2023-08-01 08:08:00,BTC-USDC,Sell,-0.71,28924.0,-20536.039999999997,-10.26802,USDC
2023-08-01 07:09:00,LTC-USDC,Sell,-12.0,90.4,-1084.8000000000002,-0.5424,USDC
2023-08-01 07:08:00,XLM-USDC,Sell,-6590.0,0.147,-968.7299999999999,-0.484365,USDC
2023-08-01 07:08:00,XLM-USDC,Sell,-3410.0,0.147,-501.27,-0.250635,USDC
2023-07-31 19:48:00,XLM-USDC,Buy,2000.0,0.1545,309.0,-0.1545,USDC
2023-07-31 13:54:00,LTC-USDC,Sell,-30.0,92.1,-2763.0,-1.3815,USDC
2023-07-31 11:17:00,LTC-USDC,Buy,26.16,93.6,2448.576,-0.489715,USDC
2023-07-31 11:17:00,LTC-USDC,Buy,3.84,93.6,359.424,-0.071884,USDC
2023-07-30 20:37:00,XLM-USDC,Buy,4000.0,0.1543,617.1999999999999,-0.3086,USDC
2023-07-26 19:03:00,XLM-USDC,Buy,4000.0,0.1451,580.4,-0.2902,USDC
2023-07-26 09:29:00,FIL-USDC,Sell,-200.0,4.31,-861.9999999999999,-0.431,USDC
2023-07-24 16:41:00,FIL-USDC,Buy,200.0,4.46,892.0,-0.446,USDC
2023-07-24 09:52:00,LTC-USDC,Buy,12.0,88.9,1066.8000000000002,-0.5334,USDC
2023-07-24 09:50:00,FIL-USDC,Sell,-380.0,4.39,-1668.1999999999998,-0.8341,USDC
2023-07-24 08:54:00,LTC-USDC,Sell,-12.0,92.1,-1105.1999999999998,-0.5526,USDC
2023-07-23 17:45:00,FIL-USDC,Buy,380.0,4.63,1759.3999999999999,-0.8797,USDC
2023-07-23 17:30:00,LTC-USDC,Buy,12.0,92.7,1112.4,-0.5562,USDC
2023-07-23 06:31:00,LTC-USDC,Sell,-12.0,92.5,-1110.0,-0.555,USDC
2023-07-22 23:17:00,FIL-USDC,Sell,-278.2,4.43,-1232.426,-0.616213,USDC
2023-07-22 23:17:00,FIL-USDC,Sell,-121.8,4.43,-539.574,-0.269787,USDC
2023-07-21 14:41:00,FIL-USDC,Buy,400.0,4.52,1807.9999999999998,-0.904,USDC
2023-07-17 19:21:00,LTC-USDC,Buy,12.0,91.1,1093.1999999999998,-0.530202,USDC
2023-03-10 21:06:00,ETH-USDC,Sell,-0.627,1414.4,-886.8288000000001,-0.430111,USDC
2023-03-10 21:06:00,ETH-USDC,Sell,-1.02,1414.4,-1442.688,-0.699703,USDC
2023-03-09 19:13:00,ETH-USDC,Sell,-0.013,1495.3,-19.4389,-0.009427,USDC
2023-03-09 19:13:00,ETH-USDC,Sell,-0.013,1495.5,-19.441499999999998,-0.009429,USDC
2023-03-09 19:12:00,BTC-USDC,Sell,-0.12,20867.0,-2504.04,-1.214459,USDC
2023-03-09 19:12:00,BTC-USDC,Sell,-0.08,20867.0,-1669.3600000000001,-0.809639,USDC
2023-03-09 19:12:00,BTC-USDC,Sell,-0.1,20867.0,-2086.7000000000003,-1.012049,USDC
2023-03-09 19:02:00,BTC-USDC,Buy,0.3,20980.0,6294.0,-3.05259,USDC
2023-03-09 18:50:00,BTC-USDC,Sell,-0.3,20996.0,-6298.8,-3.054918,USDC
2023-03-09 18:32:00,BTC-USDC,Buy,0.3,21075.0,6322.5,-3.066412,USDC
2023-03-08 12:54:00,BTC-USDC,Sell,-0.3,22000.0,-6600.0,-3.3,USDC
2023-03-08 10:16:00,BTC-USDC,Buy,0.3,22025.0,6607.5,-3.30375,USDC
2023-03-08 08:54:00,ETH-USDC,Buy,1.673,1554.4,2600.5112000000004,-0.520102,USDC
2023-03-07 14:44:00,BTC-USDC,Buy,0.2614,22300.0,5829.22,-2.91461,USDC
2023-03-07 14:16:00,BTC-USDC,Sell,-0.2614,22301.0,-5829.481400000001,-2.91474,USDC
2023-03-06 19:18:00,BTC-USDC,Sell,-0.2,22405.0,-4481.0,-2.2405,USDC
2023-03-06 08:38:00,BTC-USDC,Buy,0.1545,22448.0,3468.216,-1.734108,USDC
2023-03-06 08:38:00,BTC-USDC,Buy,0.001,22447.0,22.447,-0.011223,USDC
2023-03-06 08:38:00,BTC-USDC,Buy,0.0445,22447.0,998.8915,-0.499445,USDC
2023-03-06 04:31:00,BTC-USDC,Sell,-0.0837,22353.0,-1870.9461,-0.935473,USDC
2023-03-03 14:12:00,YFI-USDC,Sell,-0.4793,11073.0,-5307.2889000000005,-2.653644,USDC
2023-03-03 14:12:00,YFI-USDC,Sell,-0.027,11073.0,-298.971,-0.149485,USDC
2023-03-03 14:12:00,YFI-USDC,Sell,-0.0453,11073.0,-501.6069,-0.250803,USDC
2023-03-03 14:12:00,YFI-USDC,Sell,-0.0484,11074.0,-535.9816,-0.26799,USDC
2023-03-01 17:01:00,YFI-USDC,Buy,0.005,9728.0,48.64,-0.009836,USDC
2023-03-01 17:01:00,YFI-USDC,Buy,0.136,9728.0,1323.008,-0.264601,USDC
2023-03-01 17:01:00,YFI-USDC,Buy,0.2,9728.0,1945.6000000000001,-0.38912,USDC
2023-03-01 17:01:00,YFI-USDC,Buy,0.2,9728.0,1945.6000000000001,-0.38912,USDC
2023-03-01 17:01:00,YFI-USDC,Buy,0.002,9728.0,19.456,-0.003891,USDC
2023-03-01 17:01:00,YFI-USDC,Buy,0.018,9728.0,175.10399999999998,-0.03502,USDC
2023-03-01 17:01:00,YFI-USDC,Buy,0.002,9728.0,19.456,-0.003891,USDC
2023-03-01 17:01:00,YFI-USDC,Buy,0.003,9728.0,29.184,-0.005836,USDC
2023-03-01 17:01:00,YFI-USDC,Buy,0.003,9728.0,29.184,-0.005836,USDC
2023-03-01 17:01:00,YFI-USDC,Buy,0.002,9728.0,19.456,-0.003891,USDC
2023-03-01 17:01:00,YFI-USDC,Buy,0.002,9728.0,19.456,-0.003891,USDC
2023-03-01 17:01:00,YFI-USDC,Buy,0.003,9728.0,29.184,-0.005836,USDC
2023-03-01 17:01:00,YFI-USDC,Buy,0.002,9728.0,19.456,-0.003891,USDC
2023-03-01 17:01:00,YFI-USDC,Buy,0.003,9728.0,29.184,-0.005836,USDC
2023-03-01 17:01:00,YFI-USDC,Buy,0.003,9728.0,29.184,-0.005836,USDC
2023-03-01 17:01:00,YFI-USDC,Buy,0.003,9728.0,29.184,-0.005836,USDC
2023-03-01 17:01:00,YFI-USDC,Buy,0.003,9728.0,29.184,-0.005836,USDC
2023-03-01 17:01:00,YFI-USDC,Buy,0.003,9728.0,29.184,-0.005836,USDC
2023-03-01 17:01:00,YFI-USDC,Buy,0.002,9728.0,19.456,-0.003891,USDC
2023-03-01 17:01:00,YFI-USDC,Buy,0.002,9728.0,19.456,-0.003891,USDC
2023-03-01 17:01:00,YFI-USDC,Buy,0.003,9728.0,29.184,-0.005836,USDC
2023-03-01 16:20:00,BTC-USDC,Buy,0.0837,23609.0,1976.0733,-0.988036,USDC
2023-03-01 11:49:00,BTC-USDC,Sell,-0.0857,23711.0,-2032.0327,-1.016016,USDC
2023-03-01 11:39:00,YFI-USDC,Sell,-0.05,9685.0,-484.25,-0.242125,USDC
2023-03-01 11:39:00,YFI-USDC,Sell,-0.13,9686.0,-1259.18,-0.62959,USDC
2023-03-01 11:39:00,YFI-USDC,Sell,-0.053,9686.0,-513.358,-0.256679,USDC
2023-03-01 11:39:00,YFI-USDC,Sell,-0.053,9687.0,-513.411,-0.256705,USDC
2023-03-01 11:39:00,YFI-USDC,Sell,-0.154,9689.0,-1492.106,-0.746053,USDC
2023-03-01 11:39:00,YFI-USDC,Sell,-0.03,9689.0,-290.67,-0.145335,USDC
2023-03-01 11:39:00,YFI-USDC,Sell,-0.13,9690.0,-1259.7,-0.62985,USDC
2023-03-01 10:30:00,YFI-USDC,Buy,0.217,9745.0,2114.665,-1.057332,USDC
2023-03-01 10:30:00,YFI-USDC,Buy,0.153,9744.0,1490.8319999999999,-0.745416,USDC
2023-03-01 10:30:00,YFI-USDC,Buy,0.03,9743.0,292.28999999999996,-0.146145,USDC
2023-03-01 10:30:00,YFI-USDC,Buy,0.1,9742.0,974.2,-0.4871,USDC
2023-03-01 10:30:00,YFI-USDC,Buy,0.1,9740.0,974.0,-0.487,USDC
2023-03-01 09:43:00,ETH-USDC,Sell,-5.0,1652.0,-8260.0,-4.13,USDC
2023-03-01 08:59:00,ETH-USDC,Sell,-3.794,1658.4,-6291.9696,-3.145984,USDC
2023-03-01 08:59:00,ETH-USDC,Sell,-1.206,1658.4,-2000.0304,-1.000015,USDC
2023-03-01 08:54:00,ETH-USDC,Buy,10.0,1656.8,16568.0,-8.284,USDC
2023-03-01 08:32:00,BTC-USDC,Sell,-0.001,23738.0,-23.738,-0.011869,USDC
2023-03-01 05:37:00,BTC-USDC,Buy,0.0867,23692.0,2054.0964,-1.027048,USDC
2023-02-28 21:15:00,BTC-USDC,Sell,-0.0887,23162.0,-2054.4694,-1.027234,USDC
2023-02-28 12:53:00,BTC-USDC,Buy,0.0887,23450.0,2080.015,-1.040007,USDC
2023-02-25 13:07:00,TRX-USDC,Buy,27200.0,0.0678,1844.16,-0.368832,USDC
2023-02-25 13:07:00,TRX-USDC,Buy,40470.0,0.0678,2743.866,-0.548773,USDC
2023-02-25 13:07:00,TRX-USDC,Buy,24200.0,0.0678,1640.76,-0.328152,USDC
2023-02-25 12:55:00,TRX-USDC,Buy,15780.0,0.068,1073.04,-0.214608,USDC
2023-02-25 12:55:00,TRX-USDC,Buy,20000.0,0.068,1360.0,-0.272,USDC
2023-02-25 12:55:00,TRX-USDC,Buy,20000.0,0.068,1360.0,-0.272,USDC
2023-02-25 12:55:00,TRX-USDC,Buy,20000.0,0.068,1360.0,-0.272,USDC
2023-02-25 12:55:00,TRX-USDC,Buy,16100.0,0.068,1094.8000000000002,-0.21896,USDC
2023-02-25 12:30:00,TRX-USDC,Sell,-132650.0,0.0683,-9059.995,-4.529997,USDC
2023-02-25 12:30:00,TRX-USDC,Sell,-17500.0,0.0683,-1195.25,-0.597625,USDC
2023-02-25 12:30:00,TRX-USDC,Sell,-16100.0,0.0683,-1099.6299999999999,-0.549815,USDC
2023-02-25 12:30:00,TRX-USDC,Sell,-17500.0,0.0683,-1195.25,-0.597625,USDC
2023-02-24 23:14:00,BTC-USDC,Buy,0.0137,23174.0,317.48380000000003,-0.158741,USDC
2023-02-24 23:14:00,BTC-USDC,Buy,0.05,23174.0,1158.7,-0.57935,USDC
2023-02-24 23:14:00,BTC-USDC,Buy,0.0863,23174.0,1999.9162000000001,-0.999958,USDC
2023-02-24 21:43:00,BTC-USDC,Sell,-0.0636,23142.0,-1471.8312,-0.735915,USDC
2023-02-24 21:43:00,BTC-USDC,Sell,-0.0864,23142.0,-1999.4688,-0.999734,USDC
2023-02-24 20:26:00,BTC-USDC,Buy,0.2,23329.0,4665.8,-2.3329,USDC
2023-02-24 16:33:00,BTC-USDC,Buy,0.1,23202.0,2320.2000000000003,-1.1601,USDC
2023-02-24 13:37:00,BTC-USDC,Sell,-0.28,23751.0,-6650.280000000001,-3.32514,USDC
2023-02-24 13:37:00,BTC-USDC,Sell,-0.02,23752.0,-475.04,-0.23752,USDC
2023-02-24 10:08:00,LINK-USDC,Buy,600.0,8.021,4812.6,-2.4063,USDC
2023-02-24 10:08:00,LINK-USDC,Buy,150.0,8.021,1203.15,-0.601575,USDC
2023-02-24 10:03:00,LINK-USDC,Buy,124.0,7.978,989.2719999999999,-0.494636,USDC
2023-02-24 10:03:00,LINK-USDC,Buy,626.0,7.978,4994.228,-2.497114,USDC
2023-02-24 09:21:00,LINK-USDC,Sell,-443.5,8.031,-3561.7485,-1.780874,USDC
2023-02-24 09:21:00,LINK-USDC,Sell,-894.0,8.032,-7180.608,-3.590304,USDC
2023-02-24 09:21:00,LINK-USDC,Sell,-150.0,8.033,-1204.9499999999998,-0.602475,USDC
2023-02-24 09:21:00,LINK-USDC,Sell,-12.5,8.033,-100.4125,-0.050206,USDC
2023-02-24 08:25:00,LINK-USDC,Sell,-81.3,8.043,-653.8958999999999,-0.326947,USDC
2023-02-24 08:25:00,LINK-USDC,Sell,-150.0,8.044,-1206.6000000000001,-0.6033,USDC
2023-02-23 22:15:00,SUSHI-USDC,Sell,-1000.0,1.454,-1454.0,-0.727,USDC
2023-02-23 19:46:00,SUSHI-USDC,Buy,329.6,1.454,479.2384,-0.239619,USDC
2023-02-23 19:46:00,SUSHI-USDC,Buy,670.4,1.454,974.7615999999999,-0.48738,USDC
2023-02-23 13:53:00,LINK-USDC,Buy,196.9,8.112,1597.2528,-0.798626,USDC
2023-02-23 13:53:00,LINK-USDC,Buy,34.4,8.11,278.984,-0.139492,USDC
2023-02-23 13:15:00,BTC-USDC,Sell,-0.3,24090.0,-7227.0,-3.6135,USDC
2023-02-23 12:54:00,BTC-USDC,Buy,0.3,24000.0,7200.0,-3.6,USDC
2023-02-23 11:45:00,BTC-USDC,Sell,-0.3,23771.0,-7131.3,-3.56565,USDC
2023-02-23 07:13:00,BTC-USDC,Buy,0.22,24407.0,5369.54,-2.68477,USDC
2023-02-23 07:13:00,BTC-USDC,Buy,0.08,24407.0,1952.56,-0.97628,USDC
2023-02-22 11:57:00,BTC-USDC,Buy,0.2,24167.0,4833.400000000001,-2.4167,USDC
2023-02-22 10:56:00,BTC-USDC,Sell,-0.2,24171.0,-4834.2,-2.4171,USDC
2023-02-21 20:41:00,BTC-USDC,Sell,-0.13,24453.0,-3178.8900000000003,-1.589445,USDC
2023-02-21 20:41:00,BTC-USDC,Sell,-0.07,24453.0,-1711.7100000000003,-0.855855,USDC
2023-02-21 20:41:00,BTC-USDC,Sell,-0.1,24453.0,-2445.3,-1.22265,USDC
2023-02-21 08:22:00,BTC-USDC,Sell,-0.0369,25058.0,-924.6402,-0.46232,USDC
2023-02-21 08:22:00,BTC-USDC,Sell,-0.0018,25058.0,-45.1044,-0.022552,USDC
2023-02-21 08:22:00,BTC-USDC,Sell,-0.0018,25058.0,-45.1044,-0.022552,USDC
2023-02-21 08:18:00,BTC-USDC,Buy,0.1395,25132.0,3505.914,-1.752957,USDC
2023-02-21 08:18:00,BTC-USDC,Buy,0.1105,25129.0,2776.7545,-1.388377,USDC
2023-02-20 14:49:00,BTC-USDC,Buy,0.0905,24964.0,2259.2419999999997,-1.129621,USDC
2023-02-20 14:44:00,BTC-USDC,Sell,-0.3,24823.0,-7446.9,-3.72345,USDC
2023-02-20 04:16:00,BTC-USDC,Buy,0.24,24538.0,5889.12,-2.94456,USDC
2023-02-20 04:16:00,BTC-USDC,Buy,0.06,24538.0,1472.28,-0.73614,USDC
2023-02-19 18:18:00,BTC-USDC,Sell,-0.3,24445.0,-7333.5,-3.66675,USDC
2023-02-19 15:18:00,BTC-USDC,Buy,0.3,24878.0,7463.4,-3.7317,USDC
2023-02-17 20:06:00,ETH-USDC,Buy,0.4,1714.5,685.8000000000001,-0.3429,USDC
2023-02-17 13:21:00,ETH-USDC,Sell,-0.4,1662.1,-664.84,-0.33242,USDC
2023-02-16 18:16:00,BTC-USDC,Sell,-0.3,24905.0,-7471.5,-3.73575,USDC
2023-02-14 13:30:00,BTC-USDC,Buy,0.0654,21665.0,1416.891,-0.708445,USDC
2023-02-14 13:30:00,BTC-USDC,Buy,0.1173,21663.0,2541.0699,-1.270534,USDC
2023-02-14 13:30:00,BTC-USDC,Buy,0.1173,21662.0,2540.9526,-1.270476,USDC
2023-02-14 13:30:00,BTC-USDC,Sell,-0.3,21569.0,-6470.7,-3.23535,USDC
2023-02-13 23:29:00,BTC-USDC,Sell,-0.0809,21802.0,-1763.7818,-0.88189,USDC
2023-02-13 23:29:00,BTC-USDC,Sell,-0.0691,21803.0,-1506.5873,-0.753293,USDC
2023-02-13 23:29:00,BTC-USDC,Sell,-0.05,21803.0,-1090.15,-0.545075,USDC
2023-02-13 23:29:00,BTC-USDC,Sell,-0.05,21803.0,-1090.15,-0.545075,USDC
2023-02-13 23:13:00,BTC-USDC,Buy,0.0791,21709.0,1717.1819,-0.85859,USDC
2023-02-13 23:13:00,BTC-USDC,Buy,0.1209,21709.0,2624.6180999999997,-1.312309,USDC
2023-02-13 23:13:00,BTC-USDC,Buy,0.1,21709.0,2170.9,-1.08545,USDC
2023-02-13 23:13:00,BTC-USDC,Buy,0.1,21709.0,2170.9,-1.08545,USDC
2023-02-13 23:13:00,BTC-USDC,Buy,0.05,21709.0,1085.45,-0.542725,USDC
2023-02-13 23:13:00,BTC-USDC,Buy,0.05,21709.0,1085.45,-0.542725,USDC
2023-02-13 18:57:00,BTC-USDC,Buy,0.019,21652.0,411.388,-0.205694,USDC
2023-02-13 18:57:00,BTC-USDC,Buy,0.031,21652.0,671.212,-0.335606,USDC
2023-02-09 19:32:00,LINK-USDC,Sell,-181.0,7.294,-1320.214,-0.660107,USDC
2023-02-09 07:34:00,LINK-USDC,Buy,65.2,7.303,476.1556,-0.238077,USDC
2023-02-09 07:34:00,LINK-USDC,Buy,115.8,7.296,844.8768,-0.422438,USDC
2023-02-08 15:08:00,XLM-USDC,Sell,-4180.0,0.0912,-381.216,-0.190608,USDC
2023-02-08 15:08:00,XLM-USDC,Sell,-11250.0,0.0912,-1026.0,-0.513,USDC
2023-02-08 15:08:00,XLM-USDC,Sell,-12070.0,0.0912,-1100.784,-0.550392,USDC
2023-02-08 15:08:00,XLM-USDC,Sell,-13500.0,0.0912,-1231.2,-0.6156,USDC
2023-02-08 13:00:00,XLM-USDC,Buy,14000.0,0.0926,1296.4,-0.6482,USDC
2023-02-08 13:00:00,XLM-USDC,Buy,13500.0,0.0926,1250.1000000000001,-0.62505,USDC
2023-02-08 13:00:00,XLM-USDC,Buy,13500.0,0.0926,1250.1000000000001,-0.62505,USDC
2023-01-30 05:31:00,BTC-USDC,Sell,-0.06,23683.0,-1420.98,-0.71049,USDC
2023-01-30 05:31:00,BTC-USDC,Sell,-0.05,23683.0,-1184.15,-0.592075,USDC
2023-01-30 05:31:00,BTC-USDC,Sell,-0.14,23683.0,-3315.6200000000003,-1.65781,USDC
2023-01-28 19:22:00,BTC-USDC,Buy,0.25,23038.0,5759.5,-2.87975,USDC
2023-01-28 07:18:00,TRX-USDC,Sell,-61000.0,0.0628,-3830.7999999999997,-1.9154,USDC
2023-01-28 07:18:00,TRX-USDC,Sell,-19000.0,0.0628,-1193.1999999999998,-0.5966,USDC
2023-01-27 16:12:00,BTC-USDC,Sell,-0.18,23005.0,-4140.9,-2.07045,USDC
2023-01-27 16:12:00,BTC-USDC,Sell,-0.07,23005.0,-1610.3500000000001,-0.805175,USDC
2023-01-27 08:39:00,BTC-USDC,Buy,0.25,23005.0,5751.25,-2.875625,USDC
2023-01-27 08:18:00,TRX-USDC,Buy,40000.0,0.0628,2512.0,-1.256,USDC
2023-01-27 08:18:00,TRX-USDC,Buy,25000.0,0.0629,1572.5,-0.78625,USDC
2023-01-27 08:18:00,TRX-USDC,Buy,15000.0,0.0629,943.5,-0.47175,USDC
2023-01-27 07:51:00,BTC-USDC,Buy,0.14,23063.0,3228.82,-1.61441,USDC
2023-01-27 07:51:00,BTC-USDC,Buy,0.06,23063.0,1383.78,-0.69189,USDC
2023-01-27 06:57:00,BTC-USDC,Sell,-0.046,22994.0,-1057.724,-0.528862,USDC
2023-01-27 06:57:00,BTC-USDC,Sell,-0.021,22996.0,-482.91600000000005,-0.241458,USDC
2023-01-27 06:57:00,BTC-USDC,Sell,-0.021,22996.0,-482.91600000000005,-0.241458,USDC
2023-01-27 06:57:00,BTC-USDC,Sell,-0.021,22996.0,-482.91600000000005,-0.241458,USDC
2023-01-27 06:57:00,BTC-USDC,Sell,-0.021,22996.0,-482.91600000000005,-0.241458,USDC
2023-01-27 06:57:00,BTC-USDC,Sell,-0.049,22996.0,-1126.804,-0.563402,USDC
2023-01-27 06:57:00,BTC-USDC,Sell,-0.021,22996.0,-482.91600000000005,-0.241458,USDC
2023-01-27 01:36:00,BTC-USDC,Sell,-0.5,22750.0,-11375.0,-5.6875,USDC
2023-01-25 08:54:00,BTC-USDC,Buy,0.2436,22690.0,5527.284000000001,-2.763642,USDC
2023-01-25 08:54:00,BTC-USDC,Buy,0.0882,22690.0,2001.258,-1.000629,USDC
2023-01-25 08:54:00,BTC-USDC,Buy,0.0882,22690.0,2001.258,-1.000629,USDC
2023-01-25 08:54:00,BTC-USDC,Buy,0.08,22689.0,1815.1200000000001,-0.90756,USDC
2023-01-25 05:50:00,ETH-USDC,Sell,-2.0,1547.9,-3095.8,-1.5479,USDC
2023-01-25 01:25:00,BTC-USDC,Sell,-0.0331,22430.0,-742.433,-0.371216,USDC
2023-01-25 01:25:00,BTC-USDC,Sell,-0.3025,22430.0,-6785.075,-3.392537,USDC
2023-01-25 01:25:00,BTC-USDC,Sell,-0.1644,22430.0,-3687.4919999999997,-1.843746,USDC
2023-01-24 23:31:00,BTC-USDC,Buy,0.5,22631.0,11315.5,-5.65775,USDC
2023-01-24 22:38:00,BTC-USDC,Sell,-0.3999,22745.0,-9095.725499999999,-4.547862,USDC
2023-01-24 22:38:00,BTC-USDC,Sell,-0.1001,22746.0,-2276.8746,-1.138437,USDC
2023-01-24 21:56:00,BTC-USDC,Buy,0.42,22884.0,9611.279999999999,-4.80564,USDC
2023-01-24 21:56:00,BTC-USDC,Buy,0.08,22884.0,1830.72,-0.91536,USDC
2023-01-24 21:54:00,ETH-USDC,Sell,-2.0,1591.5,-3183.0,-1.5915,USDC
2023-01-24 21:54:00,BTC-USDC,Sell,-0.3275,22855.0,-7485.012500000001,-3.742506,USDC
2023-01-24 21:54:00,BTC-USDC,Sell,-0.1725,22857.0,-3942.8324999999995,-1.971416,USDC
2023-01-24 21:02:00,BTC-USDC,Buy,0.2433,23079.0,5615.1206999999995,-2.80756,USDC
2023-01-24 21:02:00,BTC-USDC,Buy,0.05,23079.0,1153.95,-0.576975,USDC
2023-01-24 21:02:00,BTC-USDC,Buy,0.0867,23078.0,2000.8626,-1.000431,USDC
2023-01-24 21:02:00,BTC-USDC,Buy,0.12,23078.0,2769.3599999999997,-1.38468,USDC
2023-01-24 14:43:00,ETH-USDC,Buy,2.0,1615.4,3230.8,-1.6154,USDC
2023-01-24 14:31:00,ETH-USDC,Sell,-0.98,1606.0,-1573.8799999999999,-0.78694,USDC
2023-01-24 14:31:00,ETH-USDC,Sell,-1.02,1606.0,-1638.1200000000001,-0.81906,USDC
2023-01-24 10:21:00,ETH-USDC,Sell,-1.0,1620.6,-1620.6,-0.8103,USDC
2023-01-23 20:22:00,ETH-USDC,Buy,5.0,1625.3,8126.5,-4.06325,USDC
2023-01-23 19:51:00,TRX-USDC,Sell,-40000.0,0.0619,-2476.0,-1.238,USDC
2023-01-23 18:40:00,TRX-USDC,Buy,20000.0,0.0624,1248.0,-0.624,USDC
2023-01-23 18:39:00,TRX-USDC,Buy,2000.0,0.0624,124.8,-0.0624,USDC
2023-01-23 18:39:00,TRX-USDC,Buy,17000.0,0.0624,1060.8,-0.5304,USDC
2023-01-23 18:39:00,TRX-USDC,Buy,1000.0,0.0624,62.4,-0.0312,USDC
2023-01-23 15:13:00,BTC-USDC,Buy,0.1122,22787.0,2556.7014,0.0,USDC
2023-01-23 15:13:00,BTC-USDC,Buy,0.0878,22784.0,2000.4352000000001,0.0,USDC
2023-01-23 15:11:00,BTC-USDC,Sell,-0.15,22698.0,-3404.7,0.0,USDC
2023-01-23 15:11:00,BTC-USDC,Sell,-0.05,22698.0,-1134.9,0.0,USDC
2023-01-23 15:10:00,ETH-USDC,Sell,-4.0,1610.2,-6440.8,0.0,USDC
2023-01-23 15:01:00,ETH-USDC,Buy,3.4,1611.3,5478.42,0.0,USDC
2023-01-23 15:01:00,ETH-USDC,Buy,0.6,1611.3,966.78,0.0,USDC
2023-01-23 14:59:00,ETH-USDC,Sell,-4.0,1606.6,-6426.4,0.0,USDC
2023-01-23 14:49:00,ETH-USDC,Buy,2.0,1635.3,3270.6,0.0,USDC
2023-01-23 14:28:00,ETH-USDC,Buy,2.0,1621.9,3243.8,0.0,USDC
2023-01-18 15:53:00,XLM-USDC,Sell,-28890.0,0.0859,-2481.6510000000003,-1.240825,USDC
2023-01-18 15:53:00,XLM-USDC,Sell,-11610.0,0.0859,-997.2990000000001,-0.498649,USDC
2023-01-18 14:11:00,XLM-USDC,Buy,22550.0,0.0884,1993.42,-0.99671,USDC
2023-01-18 14:11:00,XLM-USDC,Buy,17950.0,0.0884,1586.7800000000002,-0.79339,USDC
2023-01-18 13:11:00,TRX-USDC,Buy,12890.0,0.0621,800.469,-0.400234,USDC
2023-01-18 13:11:00,TRX-USDC,Buy,3220.0,0.0621,199.96200000000002,-0.099981,USDC
2023-01-18 13:11:00,TRX-USDC,Buy,8000.0,0.0621,496.8,-0.2484,USDC
2023-01-18 13:11:00,TRX-USDC,Buy,19390.0,0.062,1202.18,-0.60109,USDC
2023-01-18 13:11:00,TRX-USDC,Buy,21500.0,0.062,1333.0,-0.6665,USDC
2023-01-17 10:32:00,TRX-USDC,Sell,-65000.0,0.0621,-4036.5,-2.01825,USDC
2023-01-17 10:31:00,TRX-USDC,Sell,-65000.0,0.0621,-4036.5,-2.01825,USDC
2023-01-17 10:30:00,TRX-USDC,Buy,42000.0,0.0622,2612.4,-1.3062,USDC
2023-01-17 10:30:00,TRX-USDC,Buy,23000.0,0.0622,1430.6,-0.7153,USDC
2023-01-16 11:25:00,ETH-USDC,Sell,-0.044,1542.8,-67.88319999999999,-0.033941,USDC
2023-01-16 11:25:00,ETH-USDC,Sell,-1.956,1542.8,-3017.7167999999997,-1.508858,USDC
2023-01-16 11:25:00,BTC-USDC,Sell,-0.3,20828.0,-6248.4,-3.1242,USDC
2023-01-15 18:09:00,BTC-USDC,Buy,0.3,20776.0,6232.8,-3.1164,USDC
2023-01-13 20:54:00,ETH-USDC,Buy,2.0,1426.1,2852.2,-1.4261,USDC
2023-01-12 21:03:00,LINK-USDC,Sell,-795.1,6.39,-5080.689,-2.540344,USDC
2023-01-12 21:03:00,LINK-USDC,Sell,-104.9,6.391,-670.4159000000001,-0.335207,USDC
2023-01-12 17:39:00,LINK-USDC,Buy,517.8,6.336,3280.7808,-1.64039,USDC
2023-01-12 17:39:00,LINK-USDC,Buy,382.2,6.335,2421.237,-1.210618,USDC
2023-01-11 23:35:00,TRX-USDC,Buy,35000.0,0.0566,1981.0,0.0,USDC
2023-01-10 21:43:00,ETH-USDC,Buy,4.0,1342.8,5371.2,-2.6856,USDC
2023-01-10 19:43:00,ETH-USDC,Sell,-4.0,1339.0,-5356.0,-2.678,USDC
2023-01-10 19:15:00,ETH-USDC,Buy,4.0,1344.1,5376.4,0.0,USDC
2023-01-10 13:24:00,ETH-USDC,Sell,-0.001,1328.2,-1.3282,0.0,USDC
2023-01-10 13:24:00,ETH-USDC,Sell,-1.999,1328.2,-2655.0718,0.0,USDC
2023-01-10 13:24:00,ETH-USDC,Sell,-2.0,1328.2,-2656.4,0.0,USDC
2023-01-09 10:59:00,TRX-USDC,Sell,-3000.0,0.0551,-165.3,0.0,USDC
2023-01-09 10:59:00,TRX-USDC,Sell,-32000.0,0.0551,-1763.2,0.0,USDC
2023-01-08 07:30:00,TRX-USDC,Buy,15350.0,0.0519,796.6650000000001,0.0,USDC
2023-01-07 17:37:00,TRX-USDC,Sell,-7350.0,0.0516,-379.26,0.0,USDC
2023-01-07 17:37:00,TRX-USDC,Sell,-8000.0,0.0516,-412.8,0.0,USDC
2022-12-29 20:46:00,AVAX-USDC,Buy,100.0,10.74,1074.0,0.0,USDC
2022-12-29 20:30:00,AVAX-USDC,Buy,106.7,10.82,1154.4940000000001,0.0,USDC
2022-12-29 20:30:00,AVAX-USDC,Buy,143.3,10.82,1550.506,0.0,USDC
2022-12-29 01:14:00,ETH-USDC,Buy,2.5,1192.5,2981.25,0.0,USDC
2022-12-28 00:23:00,AVAX-USDC,Sell,-350.0,11.6,-4060.0,0.0,USDC
2022-12-27 16:23:00,ETH-USDC,Sell,-2.5,1210.1,-3025.25,0.0,USDC
2022-12-22 13:44:00,ETH-USDC,Sell,-1.489,1208.6,-1799.6054,0.0,USDC
2022-12-22 13:44:00,ETH-USDC,Sell,-8.511,1208.6,-10286.394599999998,0.0,USDC
2022-12-22 12:22:00,ETH-USDC,Buy,4.887,1217.0,5947.478999999999,0.0,USDC
2022-12-22 12:22:00,ETH-USDC,Buy,5.113,1217.0,6222.521000000001,0.0,USDC
2022-12-22 12:21:00,ETH-USDC,Sell,-10.0,1216.9,-12169.0,0.0,USDC
2022-12-22 09:01:00,ETH-USDC,Buy,0.003,1215.9,3.6477000000000004,0.0,USDC
2022-12-22 09:01:00,ETH-USDC,Buy,2.0,1215.9,2431.8,0.0,USDC
2022-12-22 09:01:00,ETH-USDC,Buy,5.497,1215.9,6683.8023,0.0,USDC
2022-12-22 09:01:00,ETH-USDC,Buy,1.5,1215.9,1823.8500000000001,0.0,USDC
2022-12-22 09:01:00,ETH-USDC,Buy,1.0,1215.9,1215.9,0.0,USDC
2022-12-20 01:32:00,ETH-USDC,Buy,1.0,1184.8,1184.8,0.0,USDC
2022-12-20 01:32:00,ETH-USDC,Buy,5.0,1184.8,5924.0,0.0,USDC
2022-12-19 15:04:00,ETH-USDC,Sell,-6.0,1184.7,-7108.200000000001,0.0,USDC
2022-12-19 14:38:00,ETH-USDC,Buy,6.0,1189.6,7137.599999999999,0.0,USDC
2022-12-19 13:52:00,ETH-USDC,Sell,-0.2,1184.0,-236.8,0.0,USDC
2022-12-19 13:52:00,ETH-USDC,Sell,-0.9,1184.0,-1065.6000000000001,0.0,USDC
2022-12-19 13:52:00,ETH-USDC,Sell,-0.9,1184.0,-1065.6000000000001,0.0,USDC
2022-12-19 13:52:00,ETH-USDC,Sell,-2.0,1183.4,-2366.8,0.0,USDC
2022-12-19 13:31:00,ETH-USDC,Sell,-0.2,1183.6,-236.72,0.0,USDC
2022-12-19 13:31:00,ETH-USDC,Sell,-0.9,1183.6,-1065.24,0.0,USDC
2022-12-19 13:31:00,ETH-USDC,Sell,-0.9,1183.6,-1065.24,0.0,USDC
